Celkové výsledky,Body,Míče,Pořadí
Luke S. & Zelí,10,287:256,<b>2.</b>
Mára Z. & Vojta,9,293:254,<b>3.</b>
Kolouch & Radim P.,4,266:285,<b>11.</b>
Valda & Ondra H.,1,246:297,<b>12.</b>
Kudla & Bára J.,5,261:279,<b>9.</b>
Ziky & Hanka V.,10,291:251,<b>1.</b>
Pajmič & Martina D.,5,273:279,<b>7.</b>
Tito & Monika B.,4,267:283,<b>10.</b>
Heřmí & Bára,8,282:255,<b>4.</b>
Michal H. & Terka B.,5,265:274,<b>8.</b>
Ondra N. & Anča,6,271:276,<b>5.</b>
Mazy & Zuzka Č.,5,274:277,<b>6.</b>
